<?xml version="1.0" encoding="UTF-8"?>
<beans xmlns="http://www.springframework.org/schema/beans"
	xmlns:xsi="http://www.w3.org/2001/XMLSchema-instance"
	xmlns:context="http://www.springframework.org/schema/context"
	xsi:schemaLocation="http://www.springframework.org/schema/beans http://www.springframework.org/schema/beans/spring-beans.xsd
		http://www.springframework.org/schema/context http://www.springframework.org/schema/context/spring-context-4.3.xsd">

<!--  only xml로만 설정 가능 -->
	<bean id="dataSource"
		class="org.apache.commons.dbcp2.BasicDataSource" destroy-method="close">
		<property name="driverClassName" value="${jdbc.driverClassName}"/>
		<property name="url" value="${jdbc.url}"/>
		<property name="username" value="${jdbc.username}"/>
		<property name="password" value="${jdbc.password}"/>
	</bean>

	<context:property-placeholder
		location="/WEB-INF/props/jdbc.properties"/>

	<!-- annotation으로 설정 가능 -->
	<!-- 
	<bean id="offerDao" class="kr.ac.hansung.cse.csemall.OfferDao">
		<property name="dataSource" ref="dataSource"></property>
	</bean>
	-->
	<context:annotation-config></context:annotation-config>
	<context:component-scan base-package="kr.ac.hansung.cse.dao"/>
</beans>
