<?xml version="1.0" encoding="UTF-8"?>
<beans:beans xmlns="http://www.springframework.org/schema/security"
	xmlns:beans="http://www.springframework.org/schema/beans"
	xmlns:xsi="http://www.w3.org/2001/XMLSchema-instance"
	xsi:schemaLocation="http://www.springframework.org/schema/beans
		https://www.springframework.org/schema/beans/spring-beans-3.0.xsd
		http://www.springframework.org/schema/security
		https://www.springframework.org/schema/security/spring-security.xsd">

	<authentication-manager>
	<!-- 
		<authentication-provider>
			<user-service>
				<user name="dykim" authorities="ROLE_ADMIN" password="{noop}letmein" />
				<user name="alice" authorities="ROLE_USER" password="{noop}letmein" />
			</user-service>
		</authentication-provider>
	-->
		<authentication-provider>
			<jdbc-user-service data-source-ref="dataSource"
				users-by-username-query="select username, password, enabled from users where username=?"
				authorities-by-username-query="select username, authority from authorities where username=?" />
		</authentication-provider>
	</authentication-manager>

	<http auto-config="true" use-expressions="true">
		<intercept-url pattern="/" access="permitAll" />
		<intercept-url pattern="/login" access="permitAll" />
		<intercept-url pattern="/intro" access="permitAll" />
		<intercept-url pattern="/courses" access="hasRole('ROLE_USER')" />
		<intercept-url pattern="/doCreate" access="hasRole('ROLE_USER')" />
		<intercept-url pattern="/courseInfo" access="hasRole('ROLE_USER')" />
		<intercept-url pattern="/detailCourse" access="hasRole('ROLE_USER')" />
		<intercept-url pattern="/createCourse" access="hasRole('ROLE_USER')" />
		<intercept-url pattern="/courseCreated" access="hasRole('ROLE_USER')" />
		<intercept-url pattern="/resources/**" access="permitAll" />
		<intercept-url pattern="/**" access="denyAll"  />
		<form-login login-page="/login" authentication-failure-url="/login?error" />
		<logout />
	</http>

</beans:beans>